User_Id,Date,Game,Start,End
gearwar8340,01-03-2023,Slither,01:45:38,01:45:44
gearwar8340,01-03-2023,Slither,01:46:02,01:46:04
gearwar8340,01-03-2023,Guess the number,01:45:46,01:45:50
gearwar8340,01-03-2023,Guess the number,01:45:51,01:45:55
gearwar8340,01-03-2023,FlyBy,01:45:57,01:46:57
gearwar8340,01-03-2023,LNS,03:12:59,03:13:08
gearwar8340,01-03-2023,Shafty,03:12:37,03:42:52
gearwar8340,01-03-2023,IKeyFlex,10:48:05,10:52:02
gearwar8340,01-03-2023,Slither,10:12:13,10:15:13
gearwar8340,02-03-2023,Slither,01:45:38,01:45:44
gearwar8340,02-03-2023,Slither,01:46:02,01:46:04
gearwar8340,02-03-2023,Guess the number,01:45:46,01:45:50
gearwar8340,02-03-2023,Guess the number,01:45:51,01:45:55
gearwar8340,02-03-2023,FlyBy,01:45:57,01:46:57
gearwar8340,02-03-2023,LNS,03:12:59,03:13:08
gearwar8340,02-03-2023,Shafty,03:12:37,03:43:52
gearwar8340,02-03-2023,IKeyFlex,10:48:05,10:52:02
gearwar8340,02-03-2023,Slither,10:12:13,10:15:13
gearwar8340,03-03-2023,Slither,01:45:38,01:45:44
gearwar8340,03-03-2023,Slither,01:46:02,01:46:04
gearwar8340,03-03-2023,Guess the number,01:45:46,01:45:50
gearwar8340,03-03-2023,Guess the number,01:45:51,01:45:55
gearwar8340,03-03-2023,FlyBy,01:45:57,01:46:57
gearwar8340,03-03-2023,LNS,03:12:59,03:13:08
gearwar8340,03-03-2023,Shafty,03:12:37,03:45:52
gearwar8340,03-03-2023,IKeyFlex,10:48:05,10:52:02
gearwar8340,03-03-2023,Slither,10:12:13,10:15:13
gearwar8340,04-03-2023,Slither,01:45:38,01:45:44
gearwar8340,04-03-2023,Slither,01:46:02,01:46:04
gearwar8340,04-03-2023,Guess the number,01:45:46,01:45:50
gearwar8340,04-03-2023,Guess the number,01:45:51,01:45:55
gearwar8340,04-03-2023,FlyBy,01:45:57,01:46:57
gearwar8340,04-03-2023,LNS,03:12:59,03:13:08
gearwar8340,04-03-2023,Shafty,03:12:37,03:46:52
gearwar8340,04-03-2023,IKeyFlex,10:48:05,10:52:02
gearwar8340,04-03-2023,Slither,10:12:13,10:15:13
gearwar8340,05-03-2023,Slither,01:45:38,01:45:44
gearwar8340,05-03-2023,Slither,01:46:02,01:46:04
gearwar8340,05-03-2023,Guess the number,01:45:46,01:45:50
gearwar8340,05-03-2023,Guess the number,01:45:51,01:45:55
gearwar8340,05-03-2023,FlyBy,01:45:57,01:46:57
gearwar8340,05-03-2023,LNS,03:12:59,03:13:08
gearwar8340,05-03-2023,Shafty,03:12:37,03:48:52
gearwar8340,05-03-2023,IKeyFlex,10:48:05,10:52:02
gearwar8340,05-03-2023,Slither,10:12:13,10:15:13
gearwar8340,06-03-2023,Slither,01:45:38,01:45:44
gearwar8340,06-03-2023,Slither,01:46:02,01:46:04
gearwar8340,06-03-2023,Guess the number,01:45:46,01:45:50
gearwar8340,06-03-2023,Guess the number,01:45:51,01:45:55
gearwar8340,06-03-2023,FlyBy,01:45:57,01:46:57
gearwar8340,06-03-2023,LNS,03:12:59,03:13:08
gearwar8340,06-03-2023,Shafty,03:12:37,03:46:52
gearwar8340,06-03-2023,IKeyFlex,10:48:05,10:52:02
gearwar8340,06-03-2023,Slither,10:12:13,10:15:13
gearwar8340,07-03-2023,Slither,01:45:38,01:45:44
gearwar8340,07-03-2023,Slither,01:46:02,01:46:04
gearwar8340,07-03-2023,Guess the number,01:45:46,01:45:50
gearwar8340,07-03-2023,Guess the number,01:45:51,01:45:55
gearwar8340,07-03-2023,FlyBy,01:45:57,01:46:57
gearwar8340,07-03-2023,LNS,03:12:59,03:13:08
gearwar8340,07-03-2023,Shafty,03:12:37,03:40:52
gearwar8340,07-03-2023,IKeyFlex,10:48:05,10:52:02
gearwar8340,07-03-2023,Slither,10:12:13,10:15:13
gearwar8340,08-03-2023,Slither,01:45:38,01:45:44
gearwar8340,08-03-2023,Slither,01:46:02,01:46:04
gearwar8340,08-03-2023,Guess the number,01:45:46,01:45:50
gearwar8340,08-03-2023,Guess the number,01:45:51,01:45:55
gearwar8340,08-03-2023,FlyBy,01:45:57,01:46:57
gearwar8340,08-03-2023,LNS,03:12:59,03:13:08
gearwar8340,08-03-2023,Shafty,03:12:37,03:48:52
gearwar8340,08-03-2023,IKeyFlex,10:48:05,10:52:02
gearwar8340,08-03-2023,Slither,10:12:13,10:15:13
gearwar8340,09-03-2023,Slither,01:45:38,01:45:44
gearwar8340,09-03-2023,Slither,01:46:02,01:46:04
gearwar8340,09-03-2023,Guess the number,01:45:46,01:45:50
gearwar8340,09-03-2023,Guess the number,01:45:51,01:45:55
gearwar8340,09-03-2023,FlyBy,01:45:57,01:46:57
gearwar8340,09-03-2023,LNS,03:12:59,03:13:08
gearwar8340,09-03-2023,Shafty,03:12:37,03:49:52
gearwar8340,09-03-2023,IKeyFlex,10:48:05,10:52:02
gearwar8340,09-03-2023,Slither,10:12:13,10:15:13
gearwar8340,10-03-2023,Slither,01:45:38,01:45:44
gearwar8340,10-03-2023,Slither,01:46:02,01:46:04
gearwar8340,10-03-2023,Guess the number,01:45:46,01:45:50
gearwar8340,10-03-2023,Guess the number,01:45:51,01:45:55
gearwar8340,10-03-2023,FlyBy,01:45:57,01:46:57
gearwar8340,10-03-2023,LNS,03:12:59,03:13:08
gearwar8340,10-03-2023,Shafty,03:12:37,03:40:52
gearwar8340,10-03-2023,IKeyFlex,10:48:05,10:52:02
gearwar8340,10-03-2023,Slither,10:12:13,10:15:13
gearwar8340,11-03-2023,Slither,01:45:38,01:45:44
gearwar8340,11-03-2023,Slither,01:46:02,01:46:04
gearwar8340,11-03-2023,Guess the number,01:45:46,01:45:50
gearwar8340,11-03-2023,Guess the number,01:45:51,01:45:55
gearwar8340,11-03-2023,FlyBy,01:45:57,01:46:57
gearwar8340,11-03-2023,LNS,03:12:59,03:13:08
gearwar8340,11-03-2023,Shafty,03:12:37,03:46:52
gearwar8340,11-03-2023,IKeyFlex,10:48:05,10:52:02
gearwar8340,11-03-2023,Slither,10:12:13,10:15:13
gearwar8340,12-03-2023,Slither,01:45:38,01:45:44
gearwar8340,12-03-2023,Slither,01:46:02,01:46:04
gearwar8340,12-03-2023,Guess the number,01:45:46,01:45:50
gearwar8340,12-03-2023,Guess the number,01:45:51,01:45:55
gearwar8340,12-03-2023,FlyBy,01:45:57,01:46:57
gearwar8340,12-03-2023,LNS,03:12:59,03:13:08
gearwar8340,12-03-2023,Shafty,03:12:37,03:49:52
gearwar8340,12-03-2023,IKeyFlex,10:48:05,10:52:02
gearwar8340,12-03-2023,Slither,10:12:13,10:15:13
gearwar8340,13-03-2023,Slither,01:45:38,01:45:44
gearwar8340,13-03-2023,Slither,01:46:02,01:46:04
gearwar8340,13-03-2023,Guess the number,01:45:46,01:45:50
gearwar8340,13-03-2023,Guess the number,01:45:51,01:45:55
gearwar8340,13-03-2023,FlyBy,01:45:57,01:46:57
gearwar8340,13-03-2023,LNS,03:12:59,03:13:08
gearwar8340,13-03-2023,Shafty,03:12:37,03:50:52
gearwar8340,13-03-2023,IKeyFlex,10:48:05,10:52:02
gearwar8340,13-03-2023,Slither,10:12:13,10:15:13
gearwar8340,14-03-2023,Slither,01:45:38,01:45:44
gearwar8340,14-03-2023,Slither,01:46:02,01:46:04
gearwar8340,14-03-2023,Guess the number,01:45:46,01:45:50
gearwar8340,14-03-2023,Guess the number,01:45:51,01:45:55
gearwar8340,14-03-2023,FlyBy,01:45:57,01:46:57
gearwar8340,14-03-2023,LNS,03:12:59,03:13:08
gearwar8340,14-03-2023,Shafty,03:12:37,03:49:52
gearwar8340,14-03-2023,IKeyFlex,10:48:05,10:52:02
gearwar8340,14-03-2023,Slither,10:12:13,10:15:13
gearwar8340,15-03-2023,Slither,01:45:38,01:45:44
gearwar8340,15-03-2023,Slither,01:46:02,01:46:04
gearwar8340,15-03-2023,Guess the number,01:45:46,01:45:50
gearwar8340,15-03-2023,Guess the number,01:45:51,01:45:55
gearwar8340,15-03-2023,FlyBy,01:45:57,01:46:57
gearwar8340,15-03-2023,LNS,03:12:59,03:13:08
gearwar8340,15-03-2023,Shafty,03:12:37,03:53:52
gearwar8340,15-03-2023,IKeyFlex,10:48:05,10:52:02
gearwar8340,15-03-2023,Slither,10:12:13,10:15:13
gearwar8340,16-03-2023,Slither,01:45:38,01:45:44
gearwar8340,16-03-2023,Slither,01:46:02,01:46:04
gearwar8340,16-03-2023,Guess the number,01:45:46,01:45:50
gearwar8340,16-03-2023,Guess the number,01:45:51,01:45:55
gearwar8340,16-03-2023,FlyBy,01:45:57,01:46:57
gearwar8340,16-03-2023,LNS,03:12:59,03:13:08
gearwar8340,16-03-2023,Shafty,03:12:37,03:56:52
gearwar8340,16-03-2023,IKeyFlex,10:48:05,10:52:02
gearwar8340,16-03-2023,Slither,10:12:13,10:15:13
